symbol,name,exchange,yf_ticker,sector,close,sma50,sma200,high_52w,pct_off_high,r1m,r3m,r6m,r12m,turnover_cr,vol_surge,adr_pct,gap_pct,tightness_pct,vol_dryup,contracting,surfing_ma,dist_to_ma_pct,higher_lows,up_down_vol_ratio,under_accumulation,pocket_pivot,power_play,power_play_gain,vcp_contractions,vcp_footprint,range_pos,rolling_over,momentum,trend_template,stage2,vcp_setup,qm_breakout,price_gt_sma10,price_gt_sma20,price_gt_sma50,price_gt_sma150,price_gt_sma200,sma50_gt_sma150,sma150_gt_sma200,sma200_rising,within_25_of_high,above_30_of_low,rs_rating,setup_quality
STLTECH,STLTECH,NSE,STLTECH.NS,Other,866.6,697.52,395.82,912.0,4.98,18.96,41.3,377.52,625.49,155.37,1.94,5.46,-2.71,10.11,True,True,10,2.0,2,1.55,True,True,False,,2,12W 16/8 2T,64.71,False,373.61,True,True,True,True,True,True,True,True,True,True,True,True,True,True,100,92
TBZ,TBZ,NSE,TBZ.NS,Other,625.8,392.33,217.74,698.6,10.42,104.71,220.73,396.51,239.57,146.72,0.19,7.03,-3.61,30.92,True,False,,,0,3.58,True,False,False,,0,,67.27,False,269.4,True,True,False,False,False,True,True,True,True,True,True,True,True,True,100,63
BLISSGVS,BLISSGVS,NSE,BLISSGVS.NS,Other,710.9,585.17,359.43,739.9,3.92,15.27,31.75,209.9,366.53,30.38,1.34,5.72,-1.44,12.54,False,True,10,2.27,2,2.68,True,False,False,,2,12W 16/7 2T,67.47,False,217.46,True,True,False,True,True,True,True,True,True,True,True,True,True,True,99,87
KABRAEXTRU,KABRA EXTRUSION TECHNIK L,NSE,KABRAEXTRU.NS,Other,829.8,562.99,317.68,888.7,6.63,38.23,207.78,316.21,226.69,27.57,0.79,6.74,-3.71,36.5,False,False,,,3,2.72,True,False,False,,0,,80.55,False,230.92,True,True,False,False,True,True,True,True,True,True,True,True,True,True,99,71
INDSWFTLAB,IND SWIFT LABORATORIES LT,NSE,INDSWFTLAB.NS,Other,413.1,323.28,187.75,419.8,1.6,13.22,102.97,198.98,308.52,29.57,0.36,6.0,0.25,24.11,True,False,10,3.54,0,4.41,True,False,False,,0,,93.27,False,205.02,True,True,False,False,True,True,True,True,True,True,True,True,True,True,98,74
BODALCHEM,BODALCHEM,NSE,BODALCHEM.NS,Other,191.99,118.13,73.43,207.7,7.56,61.49,206.94,251.31,210.16,83.23,0.27,7.64,0.01,20.77,True,True,,,0,6.11,True,False,True,197.12,0,,68.51,False,206.99,True,True,True,False,False,True,True,True,True,True,True,True,True,True,98,72
WELCORP,WELSPUN CORP,NSE,WELCORP.NS,Metals,2842.0,2214.81,1347.69,2900.0,2.0,18.86,86.74,243.32,226.03,587.54,1.49,5.41,-1.0,23.22,True,False,,,1,3.28,True,False,False,,0,,91.21,False,182.64,True,True,False,False,True,True,True,True,True,True,True,True,True,True,97,63
HFCL,HFCL,BSE,500183.BO,Other,226.65,219.85,140.04,251.45,9.86,-8.92,10.67,220.26,202.77,16.52,0.04,4.19,4.98,9.27,True,True,,,0,1.23,True,False,False,,0,,52.37,False,148.43,True,True,True,False,True,True,True,True,True,True,True,True,True,True,97,67
SHREEJISPG,SHREEJI SHIPPING GLOBAL L,NSE,SHREEJISPG.NS,Other,763.3,664.51,470.84,767.1,0.5,18.41,55.36,126.4,236.69,81.68,0.84,3.56,0.29,14.59,True,False,10,2.93,2,1.82,True,False,False,,2,12W 9/8 2T,96.59,False,145.51,True,True,False,False,True,True,True,True,True,True,True,True,True,True,96,75
SHILPAMED,SHILPA MEDICARE,NSE,SHILPAMED.NS,Pharma,1055.75,841.13,517.31,1075.0,1.79,11.21,76.43,181.76,187.01,98.88,0.57,5.29,0.77,18.96,True,False,,,1,5.32,True,True,False,,4,12W 11/8 4T,90.38,False,145.74,True,True,False,False,True,True,True,True,True,True,True,True,True,True,96,68
MOREPENLAB,MOREPEN LAB.,NSE,MOREPENLAB.NS,Other,118.8,93.19,55.71,126.8,6.31,10.86,100.95,219.35,144.95,217.76,0.6,6.73,0.07,25.05,True,False,10,2.56,2,2.31,True,False,True,138.52,2,12W 21/9 2T,73.12,False,145.06,True,True,False,False,False,True,True,True,True,True,True,True,True,True,95,79
MTARTECH,MTARTECH,NSE,MTARTECH.NS,Industrials,7426.0,6763.09,5343.78,8714.0,14.78,5.43,-2.55,106.07,277.68,87.78,2.33,4.62,-3.13,11.12,False,True,20,1.99,0,1.27,True,True,False,,0,,61.41,False,142.93,True,True,False,False,True,True,True,True,True,True,True,True,True,True,95,84
BIRLACABLE,BIRLA CABLE,NSE,BIRLACABLE.NS,Other,368.95,297.06,190.92,418.8,11.9,19.07,82.54,227.26,131.0,21.25,1.4,6.57,0.7,23.8,False,False,,,0,1.95,True,False,True,132.74,0,,46.28,False,138.99,True,True,False,False,False,False,True,True,True,True,True,True,True,True,94,61
FILATEX,FILATEX INDIA,NSE,FILATEX.NS,Other,112.0,82.94,56.02,113.94,1.7,49.0,115.76,177.16,125.17,82.25,0.77,7.79,0.66,30.04,False,False,,,0,3.48,True,False,False,,4,12W 13/6 4T,95.11,False,131.27,True,True,False,False,True,True,True,True,True,True,True,True,True,True,94,63
RAYMOND,RAYMOND,NSE,RAYMOND.NS,Retail & E-commerce,1185.75,759.7,531.38,1236.0,4.07,87.66,103.81,238.01,103.32,740.15,0.44,9.92,0.29,25.19,False,True,,,0,1.25,True,False,False,,0,,89.14,False,142.26,True,True,False,True,True,True,True,True,True,True,True,True,True,True,94,73
RPTECH,RASHI PERIPHERALS,NSE,RPTECH.NS,Other,925.35,830.38,558.78,967.7,4.38,13.39,19.59,160.7,193.62,27.45,1.07,4.83,0.0,18.03,True,False,50,5.75,3,1.08,True,True,False,,4,12W 21/5 4T,94.32,False,130.92,True,True,False,False,True,True,True,True,True,True,True,True,True,True,93,84
CYIENTDLM,CYIENT DLM,NSE,CYIENTDLM.NS,Other,921.15,790.14,490.08,1009.0,8.71,9.27,100.12,223.66,105.57,60.23,0.49,5.78,-0.43,17.02,True,False,10,1.76,1,3.19,True,False,False,,2,12W 20/7 2T,61.35,False,130.28,True,True,False,False,True,True,True,True,True,True,True,True,True,True,93,75
SAKAR,SAKAR HEALTHCARE,NSE,SAKAR.NS,Other,1121.85,979.48,690.88,1229.85,8.78,29.94,33.86,117.56,208.88,19.42,0.29,6.64,-0.24,16.68,True,True,10,1.94,0,1.52,True,False,False,,2,12W 15/13 2T,42.29,False,128.59,True,True,True,False,False,True,True,True,True,True,True,True,True,True,92,81
MANINDS,MAN INDUSTRIES (I),NSE,MANINDS.NS,Other,959.6,709.96,519.64,1039.7,7.7,27.45,64.98,176.42,153.73,201.97,0.68,7.69,-0.34,30.71,False,False,,,0,3.34,True,False,False,,0,,72.82,False,130.16,True,True,False,False,True,True,True,True,True,True,True,True,True,True,92,62
DIACABS,DIACABS,NSE,DIACABS.NS,Other,352.05,342.07,205.01,404.0,12.86,1.37,68.17,180.94,145.43,34.86,0.31,5.53,-0.69,19.98,True,False,20,5.13,1,2.81,True,False,False,,0,,29.8,True,126.23,True,True,False,False,False,False,True,True,True,True,True,True,True,True,91,67
INDORAMA,INDO RAMA SYNTHETICS,NSE,INDORAMA.NS,Other,103.44,69.75,47.87,112.3,7.89,56.92,133.39,217.01,73.91,27.21,1.24,10.06,0.74,30.16,False,False,,,2,3.17,True,False,False,,0,,77.59,False,127.04,True,True,False,False,True,True,True,True,True,True,True,True,True,True,91,70
YASHO,YASHO INDUSTRIES,NSE,YASHO.NS,Other,4061.3,3982.9,2332.45,4994.0,18.68,-3.5,38.9,194.77,146.56,16.61,0.33,5.86,-0.43,11.92,True,False,10,1.6,1,1.9,True,False,False,,2,12W 15/10 2T,56.1,False,124.48,True,True,False,False,True,True,True,True,True,True,True,True,True,True,90,74
SKYGOLD,SKY GOLD AND DIAMONDS,NSE,SKYGOLD.NS,Other,820.85,762.23,500.17,868.8,5.52,1.7,54.14,143.03,176.06,64.54,1.34,4.24,0.34,8.45,True,True,50,6.62,1,1.92,True,True,False,,2,12W 16/7 2T,64.21,False,124.33,True,True,True,True,True,True,True,True,True,True,True,True,True,True,90,85
MACPOWER,MACPOWER CNC MACHINES,NSE,MACPOWER.NS,Other,2128.1,1782.48,1214.66,2226.0,4.4,6.98,58.0,145.34,158.91,13.25,0.86,6.96,-0.21,23.2,False,False,,,1,1.91,True,False,False,,4,12W 12/8 4T,80.17,False,119.46,True,True,False,False,True,True,True,True,True,True,True,True,True,True,89,63
AEROFLEX,AEROFLEX INDUSTRIES,NSE,AEROFLEX.NS,Other,539.6,490.11,344.7,584.15,7.63,2.7,14.42,115.29,207.04,69.31,0.95,5.12,-0.41,16.52,True,False,20,3.86,0,1.94,True,False,False,,0,,71.0,False,120.56,True,True,False,False,True,True,True,True,True,True,True,True,True,True,89,70
RPEL,RAGHAV PRODUCTIVITY ENH L,NSE,RPEL.NS,Other,1718.1,1547.7,1034.51,1943.7,11.61,-3.0,42.7,174.61,139.56,22.57,0.41,6.4,-0.23,16.07,True,False,,,0,1.47,True,False,False,,0,,57.34,False,116.45,True,True,False,False,True,False,True,True,True,True,True,True,True,True,88,59
GCSL,GRETEX CORPORATE SERVICES,NSE,GCSL.NS,Other,666.25,557.55,417.77,671.0,0.71,19.71,54.67,95.73,173.11,44.14,0.58,3.35,0.02,16.66,True,False,10,3.79,1,2.08,True,False,False,,0,,95.72,False,110.87,True,True,False,False,True,True,True,True,True,True,True,True,True,True,88,70
SANSERA,SANSERA ENGINEERING,NSE,SANSERA.NS,Other,4362.2,3853.84,2740.69,4743.5,8.04,8.57,36.48,103.61,200.14,134.53,3.85,4.48,-1.73,21.63,False,False,,,1,1.6,True,False,False,,0,,59.59,False,119.29,True,True,False,False,False,True,True,True,True,True,True,True,True,True,88,59
STLNETWORK,STL NETWORKS,NSE,STLNETWORK.NS,Other,49.46,31.15,25.36,56.5,12.46,75.7,82.51,184.42,71.02,37.43,4.26,4.74,-2.04,42.78,False,False,,,4,3.34,True,False,False,,0,,72.7,False,107.81,True,True,False,False,True,True,True,True,True,True,True,True,True,True,87,65
SBCL,SHIVALIK BIMETAL CON.,NSE,SBCL.NS,Other,1111.3,988.65,656.93,1215.7,8.59,3.86,46.14,165.86,118.67,35.5,0.24,5.75,-1.21,20.6,True,False,10,2.6,0,3.5,True,False,False,,2,12W 18/15 2T,67.37,False,106.84,True,True,False,False,False,True,True,True,True,True,True,True,True,True,87,70
WHEELS,WHEELS INDIA,NSE,WHEELS.NS,Auto,2204.0,1715.43,1282.29,2498.0,11.77,42.52,23.4,123.18,150.35,203.97,0.33,7.55,-1.02,16.43,True,True,10,1.99,2,2.7,True,False,False,,0,,36.92,False,106.03,True,True,True,True,True,True,True,True,True,True,True,True,True,True,86,85
RATNAVEER,RATNAVEER PRECISION ENG L,NSE,RATNAVEER.NS,Other,331.15,259.12,183.65,343.75,3.67,8.21,82.75,139.77,116.27,208.6,0.55,6.68,0.41,20.7,True,False,,,0,2.28,True,False,False,,2,12W 16/12 2T,81.62,False,105.81,True,True,False,False,True,True,True,True,True,True,True,True,True,True,86,59
MARINE,MARINE ELECTRICAL (I),NSE,MARINE.NS,Other,438.25,362.07,250.57,450.0,2.61,9.33,54.56,158.04,103.38,82.75,1.28,6.85,0.26,21.51,False,False,20,4.21,0,3.0,True,False,False,,0,,90.82,False,100.61,True,True,False,False,True,True,True,True,True,True,True,True,True,True,85,71
CPPLUS,ADITYA INFOTECH,NSE,CPPLUS.NS,Other,3817.6,3592.02,2558.86,3965.0,3.72,7.06,4.68,113.24,168.28,95.28,0.93,4.57,0.42,16.29,True,False,20,3.44,1,0.84,False,False,False,,2,12W 18/15 2T,79.84,False,102.92,True,True,False,False,True,True,True,True,True,True,True,True,True,True,85,65
SILVERETF,SILVERETF,NSE,SILVERETF.NS,Other,203.98,160.3,120.9,205.43,0.71,36.98,51.94,98.06,134.27,41.59,1.14,2.38,0.52,14.18,False,False,,,0,1.28,True,True,False,,0,,96.26,False,97.21,True,True,False,False,True,True,True,True,True,True,True,True,True,True,84,58
IOLCP,IOL CHEM AND PHARMA,NSE,IOLCP.NS,Other,201.48,177.91,117.55,219.04,8.02,4.02,38.67,160.21,98.6,88.04,0.39,6.47,-0.02,19.58,True,False,10,1.92,1,1.61,True,False,False,,0,,65.18,False,95.64,True,True,False,False,True,True,True,True,True,True,True,True,True,True,84,73
SUBEXLTD,SUBEX,NSE,SUBEXLTD.NS,Other,20.35,16.68,11.79,22.8,10.75,10.12,75.13,172.79,69.16,35.11,0.83,7.66,-0.1,18.18,False,True,10,2.81,1,1.86,True,False,False,,2,12W 18/13 2T,52.79,False,95.54,True,True,False,True,True,True,True,True,True,True,True,True,True,True,83,82
KIRLOSENG,KIRLOSKAR OIL ENG,NSE,KIRLOSENG.NS,Industrials,2402.0,2159.64,1734.29,2720.0,11.69,14.41,1.61,75.71,172.61,154.66,9.98,5.26,0.0,21.23,False,False,20,2.3,1,1.31,True,True,False,,0,,91.76,False,93.52,True,True,False,False,True,True,True,True,True,True,True,True,True,True,83,76
DEEDEV,DEE DEVELOPMENT ENG,NSE,DEEDEV.NS,Other,653.5,653.1,458.29,760.0,14.01,10.71,1.57,125.97,135.75,16.02,0.63,5.04,-0.24,22.07,True,False,10,3.26,1,1.15,True,False,False,,0,,52.58,False,93.48,True,True,False,False,False,False,True,True,True,True,True,True,True,True,82,70
ROSSTECH,ROSSELL TECHSYS,NSE,ROSSTECH.NS,Other,1481.7,1146.02,899.71,1505.0,1.55,33.49,52.85,109.1,113.76,67.27,0.85,6.07,0.79,19.27,True,False,,,2,2.38,True,True,False,,3,12W 13/-6 3T,92.89,False,92.15,True,True,False,False,True,True,True,True,True,True,True,True,True,True,82,67
ASMTEC,ASM TECHNOLOGIES,BSE,526433.BO,Other,6759.75,5412.4,3673.88,7018.05,3.68,35.74,63.59,184.78,54.45,29.57,0.35,5.43,-1.6,6.51,True,True,10,2.2,3,1.92,True,False,False,,0,,49.86,False,93.5,True,True,True,False,False,True,True,True,True,True,True,True,True,True,82,84
ANTELOPUS,ANTELOPUS SELAN ENRGY,NSE,ANTELOPUS.NS,Other,1162.5,935.45,705.25,1290.9,9.95,48.22,46.36,97.87,113.89,508.1,0.73,10.59,0.48,25.36,False,True,10,3.27,4,5.22,True,False,False,,2,12W 18/11 2T,56.45,False,89.01,True,True,False,True,True,True,True,True,True,True,True,True,True,True,81,89
SBC,SBC EXPORTS,NSE,SBC.NS,Other,54.73,44.0,36.21,56.9,3.81,29.85,32.26,80.99,144.11,55.27,1.45,3.58,1.44,20.37,False,False,10,3.58,3,1.28,True,True,False,,2,12W 20/4 2T,80.54,False,91.38,True,True,False,False,True,True,True,True,True,True,True,True,True,True,81,79
VINDHYATEL,VINDHYA TELELINKS,NSE,VINDHYATEL.NS,Other,2653.3,2455.38,1718.95,2952.6,10.14,4.65,27.64,145.4,93.15,25.31,0.66,5.46,-0.24,17.37,True,False,,,0,1.85,True,False,False,,2,12W 15/9 2T,35.88,False,86.87,True,True,False,False,False,False,True,True,True,True,True,True,True,True,80,56
PAISALO,PAISALO DIGITAL,NSE,PAISALO.NS,Other,78.59,75.07,51.87,94.88,17.17,16.76,32.98,122.26,106.27,170.89,0.61,5.64,-0.65,27.31,False,False,,,2,1.28,True,False,False,,2,12W 13/8 2T,24.09,True,87.46,True,True,False,False,False,False,True,True,True,True,True,True,True,True,80,54
KAPSTON,KAPSTON SERVICES,NSE,KAPSTON.NS,Other,555.7,536.38,389.76,616.2,9.82,-5.3,50.78,95.29,120.89,10.2,5.06,4.6,2.19,18.21,False,False,20,3.14,0,0.98,False,False,False,,0,,40.22,False,86.57,True,True,False,False,False,False,True,True,True,True,True,True,True,True,79,60
LAURUSLABS,LAURUS LABS,NSE,LAURUSLABS.NS,Pharma,1979.0,1854.46,1345.58,2055.3,3.71,3.34,30.42,90.51,129.21,346.31,0.91,2.56,0.5,9.69,True,False,10,1.77,4,1.05,True,False,False,,3,12W 7/6 3T,60.22,False,85.25,True,True,False,False,False,True,True,True,True,True,True,True,True,True,79,72
SYNCOMF,SYNCOM FORMU (I),NSE,SYNCOMF.NS,Other,26.18,17.16,14.38,26.64,1.73,34.33,83.59,134.38,60.02,60.39,15.38,8.14,1.17,38.31,False,False,,,1,5.81,True,True,False,,2,12W 13/7 2T,95.41,False,84.47,True,True,False,False,True,True,True,True,True,True,True,True,True,True,78,66
GANDHAR,GANDHAR OIL REFINE IND L,NSE,GANDHAR.NS,Other,273.55,254.26,177.9,303.17,9.77,6.14,49.11,119.68,96.16,18.68,0.22,3.64,-0.06,11.3,True,False,10,1.51,0,2.03,True,False,False,,2,12W 29/10 2T,85.62,False,84.81,True,True,False,False,True,True,True,True,True,True,True,True,True,True,78,65
SUNDARMHLD,SUNDARMHLD,NSE,SUNDARMHLD.NS,Other,684.25,555.58,395.39,701.5,2.46,9.21,33.08,163.47,69.08,31.38,0.4,4.77,0.52,13.76,True,False,,,2,2.53,True,False,False,,0,,87.81,False,84.21,True,True,False,False,True,True,True,True,True,True,True,True,True,True,77,59
KOPRAN,KOPRAN,NSE,KOPRAN.NS,Other,290.9,219.85,170.5,293.5,0.89,33.54,53.66,144.87,65.33,62.02,1.09,6.68,-0.04,19.15,True,False,,,1,7.79,True,True,False,,2,12W 16/7 2T,96.14,False,83.68,True,True,False,False,True,True,True,True,True,True,True,True,True,True,77,64
TFCILTD,TOURISM FINANCE CORP. OF,NSE,TFCILTD.NS,Other,138.92,125.07,84.44,147.65,5.91,-0.71,80.25,111.29,84.59,163.62,1.23,3.36,0.0,8.31,False,False,20,0.99,1,3.51,True,False,True,101.24,2,12W 8/6 2T,50.46,False,83.2,True,True,False,False,False,False,True,True,True,True,True,True,True,True,76,66
SSWL,STEEL STRIPS WHEELS,NSE,SSWL.NS,Other,400.65,329.09,240.23,404.7,1.0,31.08,73.68,113.23,79.21,58.36,1.58,5.46,0.57,19.64,True,False,10,3.63,1,4.74,True,True,False,,0,,94.85,False,83.49,True,True,False,False,True,True,True,True,True,True,True,True,True,True,76,74
GRWRHITECH,GARWARE HI-TECH FILMS,NSE,GRWRHITECH.NS,Other,7016.5,6950.3,5148.61,7477.5,6.17,-1.7,5.08,93.64,134.84,39.63,1.21,4.34,0.18,11.52,False,False,,,0,0.91,False,True,False,,2,12W 10/8 2T,96.1,False,82.87,True,True,False,False,True,True,True,True,True,True,True,True,True,True,76,52
NRBBEARING,NRB BEARING,NSE,NRBBEARING.NS,Other,541.05,469.64,350.11,559.9,3.37,14.18,21.86,128.23,92.99,55.69,0.52,4.88,0.0,19.67,False,False,,,1,3.59,True,False,False,,2,12W 13/13 2T,82.28,False,81.46,True,True,False,False,True,True,True,True,True,True,True,True,True,True,75,56
AVALON,AVALON TECHNOLOGIES,NSE,AVALON.NS,Other,2302.0,2102.17,1412.37,2618.0,12.07,-3.0,27.75,145.72,83.75,163.97,0.37,6.49,-0.44,27.72,True,False,20,3.87,1,2.17,True,False,False,,3,12W 18/13 3T,50.47,False,82.46,True,True,False,False,False,False,True,True,True,True,True,True,True,True,75,70
PRECWIRE,PRECISION WIRES INDIA,NSE,PRECWIRE.NS,Other,500.15,437.88,358.92,524.9,4.72,-1.08,24.51,62.33,139.28,32.85,2.06,5.1,-0.14,18.67,True,False,20,3.74,0,1.68,True,True,False,,0,,85.49,False,79.21,True,True,False,False,True,True,True,True,True,True,True,True,True,True,74,70
MARKSANS,MARKSANS PHARMA,NSE,MARKSANS.NS,Pharma,342.75,306.95,226.3,350.95,2.34,6.58,25.64,103.97,107.68,84.37,1.31,4.28,0.44,12.81,True,False,20,2.67,0,2.35,True,True,False,,0,,83.55,False,80.05,True,True,False,False,True,True,True,True,True,True,True,True,True,True,74,69
SOTL,SAVITA OIL TECHNOLO.,NSE,SOTL.NS,Other,717.0,684.8,478.61,850.1,15.66,4.14,39.63,129.4,79.54,46.81,0.24,5.43,0.6,11.0,True,True,20,1.35,0,2.0,True,False,False,,3,12W 21/9 3T,59.57,False,78.98,True,True,False,False,True,True,True,True,True,True,True,True,True,True,73,73
SYRMA,SYRMA SGS TECHNOLOGY,NSE,SYRMA.NS,Other,1692.6,1501.33,1092.49,1803.9,6.17,17.79,21.22,112.21,98.67,459.84,0.57,4.76,-0.08,22.8,True,False,,,3,3.03,True,False,False,,3,12W 15/7 3T,71.16,False,79.16,True,True,False,False,True,True,True,True,True,True,True,True,True,True,73,61
UNIMECH,UNIMECH AEROSPACE N MFG L,NSE,UNIMECH.NS,Other,1675.0,1466.18,1084.07,1868.2,10.34,12.42,42.96,131.45,73.36,55.17,2.23,5.48,0.36,26.16,True,False,10,3.39,0,2.06,True,True,False,,0,,55.9,False,78.61,True,True,False,False,True,True,True,True,True,True,True,True,True,True,72,70
INDOBORAX,INDO BORAX & CHEMICAL,NSE,INDOBORAX.NS,Other,489.5,457.46,331.53,542.8,9.82,-3.73,29.19,100.58,103.95,27.21,1.29,5.31,2.15,15.06,False,False,50,2.74,1,7.49,True,True,False,,2,12W 26/5 2T,62.64,False,77.22,True,True,False,False,True,True,True,True,True,True,True,True,True,True,72,73
LLOYDSENGG,LLOYDS ENGG WORK,NSE,LLOYDSENGG.NS,Other,102.19,88.52,66.67,103.45,1.22,18.22,18.1,146.48,67.36,105.28,3.7,4.65,0.0,25.22,False,False,50,7.35,0,1.74,True,True,False,,3,12W 11/7 3T,95.11,False,76.33,True,True,False,False,True,True,True,True,True,True,True,True,True,True,71,69
WELSPUNLIV,WELSPUN LIVING,NSE,WELSPUNLIV.NS,Other,225.21,188.57,148.22,233.0,3.34,14.78,41.78,94.63,94.89,94.77,0.29,3.65,-0.76,16.56,True,False,10,3.79,1,1.95,True,False,False,,0,,79.12,False,76.18,True,True,False,False,True,True,True,True,True,True,True,True,True,True,71,65
AETHER,AETHER INDUSTRIES,NSE,AETHER.NS,Other,1749.9,1606.79,1225.62,1798.0,2.68,3.46,28.75,56.8,133.32,50.02,1.63,3.83,0.44,14.02,False,False,10,2.22,0,2.62,True,True,False,,2,12W 8/8 2T,80.39,False,76.47,True,True,False,False,True,True,True,True,True,True,True,True,True,True,71,68
SUNFLAG,SUNFLAG IRON AND STEEL CO,NSE,SUNFLAG.NS,Other,464.3,359.54,306.38,469.0,1.0,36.44,36.54,117.85,74.32,28.42,5.58,4.54,2.27,31.01,False,False,,,0,5.14,True,True,False,,4,12W 10/6 4T,96.74,False,76.03,True,True,False,False,True,True,True,True,True,True,True,True,True,True,70,56
HAPPYFORGE,HAPPY FORGINGS,NSE,HAPPYFORGE.NS,Other,2074.8,2036.09,1478.51,2470.0,16.0,-13.98,34.92,75.07,118.3,16.48,1.85,4.24,-0.08,10.6,True,True,50,5.65,0,2.14,True,False,False,,2,12W 12/12 2T,29.88,True,75.43,True,True,False,False,False,False,True,True,True,True,True,True,True,True,70,64
OPTIEMUS,OPTIEMUS INFRACOM,NSE,OPTIEMUS.NS,Other,796.2,607.24,470.94,850.65,6.4,38.67,71.34,158.09,22.91,108.77,0.99,6.08,0.12,34.62,False,False,,,2,4.5,True,False,False,,0,,82.47,False,74.72,True,True,False,False,True,True,True,True,True,True,True,True,True,True,69,58
VENUSPIPES,VENUS PIPES & TUBES,NSE,VENUSPIPES.NS,Other,2195.8,1778.33,1394.25,2347.9,6.48,33.64,26.89,122.15,70.18,77.2,0.76,6.19,-0.35,22.22,True,False,,,3,1.75,True,False,False,,2,12W 12/9 2T,68.83,False,73.46,True,True,False,False,True,True,True,True,True,True,True,True,True,True,69,61
APARINDS,APAR INDUSTRIES,NSE,APARINDS.NS,Other,17803.0,16542.6,12516.82,19265.0,7.59,0.57,13.43,82.14,108.7,245.96,1.28,4.82,0.43,18.26,True,False,10,2.66,0,1.75,True,False,False,,0,,55.02,False,70.86,True,True,False,False,False,True,True,True,True,True,True,True,True,True,68,63
AEGISLOG,AEGIS LOGISTICS LTD.,BSE,500003.BO,Other,1378.75,1328.83,921.55,1486.75,7.26,8.95,4.94,125.41,78.09,10.71,0.98,4.08,5.95,13.45,True,False,10,4.0,1,1.27,True,False,False,,0,,41.75,False,70.74,True,True,False,False,False,True,True,True,True,True,True,True,True,True,68,65
AFCOM,AFCOM HOLDINGS,BSE,544224.BO,Other,1510.95,1489.95,1056.43,1652.35,8.56,-3.23,17.76,118.8,74.58,13.78,0.94,3.39,2.83,8.15,True,True,50,2.95,2,1.13,True,False,False,,0,,49.72,False,68.7,True,True,True,False,True,True,True,True,True,True,True,True,True,True,67,75
CONFIPET,CONFIDENCE PETRO IND,NSE,CONFIPET.NS,Other,87.19,81.14,57.28,93.2,6.45,7.15,19.21,98.02,87.42,36.36,0.5,5.63,0.41,12.73,True,False,10,1.56,1,1.63,True,False,False,,0,,45.86,False,68.93,True,True,False,False,False,True,True,True,True,True,True,True,True,True,67,67
AVADHSUGAR,AVADH SUG & ENERGY,NSE,AVADHSUGAR.NS,Other,793.45,706.53,496.24,884.8,10.32,-7.23,71.15,68.84,85.41,10.59,0.22,4.64,-0.4,15.76,True,False,,,1,3.58,True,False,True,100.18,0,,63.3,False,68.32,True,True,False,False,True,True,True,True,True,True,True,True,True,True,66,53
EBGNG,GNG ELECTRONICS,NSE,EBGNG.NS,Other,674.8,609.98,450.5,730.0,7.56,10.17,7.89,86.13,99.76,59.47,0.73,5.58,-0.01,15.47,True,False,10,2.08,2,1.55,True,False,False,,0,,47.13,False,68.34,True,True,False,False,False,True,True,True,True,True,True,True,True,True,66,69
BLSE,BLS E-SERVICES,NSE,BLSE.NS,Other,321.1,310.26,220.29,339.8,5.5,-2.07,37.66,97.07,75.69,10.41,0.43,3.24,0.59,12.39,True,False,20,1.2,0,1.85,True,False,False,,3,12W 9/7 3T,53.02,False,66.72,True,True,False,False,True,True,True,True,True,True,True,True,True,True,65,60
DIVGIITTS,DIVGI TORQTRANSFER SYST L,NSE,DIVGIITTS.NS,Other,1212.9,1124.87,823.47,1329.8,8.79,2.21,22.82,91.96,85.5,15.7,0.78,5.94,0.11,15.42,True,False,50,4.41,1,2.74,True,False,False,,3,12W 15/13 3T,80.7,False,66.57,True,True,False,False,True,True,True,True,True,True,True,True,True,True,65,66
CENTUM,CENTUM ELECTRONICS,NSE,CENTUM.NS,Other,4920.7,3872.28,3119.31,4999.5,1.58,42.82,30.04,71.71,87.56,65.92,5.43,6.07,-0.9,22.34,False,False,,,1,1.83,True,True,False,,0,,92.83,False,66.83,True,True,False,False,True,True,True,True,True,True,True,True,True,True,65,59
ACUTAAS,ACUTAAS CHEMICALS,NSE,ACUTAAS.NS,Other,3304.1,3288.45,2672.88,3740.0,11.66,4.54,-6.3,41.68,135.75,115.25,2.83,3.85,2.35,10.38,False,False,20,1.95,0,1.03,True,False,False,,0,,39.98,False,66.0,True,True,False,False,False,True,True,True,True,True,True,True,True,True,64,61
AZAD,AZAD ENGINEERING,NSE,AZAD.NS,Industrials,2914.2,2654.35,2030.06,2998.0,2.8,1.83,41.79,89.89,76.89,171.81,9.0,4.56,2.05,15.2,False,False,50,4.14,1,2.59,True,True,False,,2,12W 12/5 2T,81.08,False,66.26,True,True,False,False,True,True,True,True,True,True,True,True,True,True,64,69
SONACOMS,SONA BLW PRECISION FRGS L,NSE,SONACOMS.NS,Other,815.65,789.34,609.52,844.0,3.36,0.32,31.58,64.03,96.99,176.22,1.75,2.82,0.01,9.56,False,False,10,2.08,0,1.24,True,True,False,,0,,72.61,False,64.35,True,True,False,False,True,True,True,True,True,True,True,True,True,True,63,64
RML,RANE (MADRAS),NSE,RML.NS,Other,1380.9,1204.02,946.07,1440.0,4.1,22.24,19.47,107.37,64.16,29.61,0.56,6.09,0.67,12.84,True,True,10,1.98,3,3.91,True,False,False,,0,,71.88,False,63.99,True,True,True,False,True,True,True,True,True,True,True,True,True,True,63,79
UNIPARTS,UNIPARTS INDIA,NSE,UNIPARTS.NS,Other,843.55,815.14,599.19,915.95,7.9,-5.59,25.23,83.86,84.42,12.67,0.26,3.96,0.0,8.2,True,False,50,6.27,1,1.87,True,False,False,,2,12W 7/5 2T,28.36,True,63.41,True,True,False,False,False,False,True,True,True,True,True,True,True,True,62,56
RISHABH,RISHABH INSTRUMENTS,NSE,RISHABH.NS,Other,723.85,701.51,522.23,852.0,15.04,2.61,26.54,91.98,75.56,20.86,0.27,5.68,0.56,15.38,True,True,50,6.17,0,1.33,True,False,False,,0,,19.55,True,63.39,True,True,False,False,False,False,True,True,True,True,True,True,True,True,62,63
IBULLSLTD,INDIABULLS,NSE,IBULLSLTD.NS,Other,29.93,27.71,19.4,32.5,7.91,14.02,7.62,198.4,,56.31,0.87,5.26,-0.35,11.79,True,False,,,1,1.16,True,False,False,,0,,78.99,False,62.45,False,False,False,False,True,True,True,True,True,True,True,False,True,True,61,40
SGMART,SG MART,NSE,SGMART.NS,Other,755.95,749.44,558.37,860.6,12.16,-5.89,27.92,51.37,106.54,16.18,1.2,4.2,0.04,12.22,True,True,50,2.23,1,2.07,True,False,False,,3,12W 21/5 3T,56.45,False,63.02,True,True,True,True,True,True,True,True,True,True,True,True,True,True,61,71
GNA,GNA AXLES,NSE,GNA.NS,Other,593.75,546.43,436.32,648.0,8.37,9.98,34.56,56.89,91.78,52.84,0.75,4.85,0.39,24.22,False,False,50,6.76,1,1.86,True,False,False,,0,,62.27,False,61.69,True,True,False,False,True,True,True,True,True,True,True,True,True,True,60,63
NEOGEN,NEOGEN CHEMICALS,NSE,NEOGEN.NS,Other,2435.3,2210.33,1692.44,2499.7,2.58,10.64,20.27,105.93,62.99,56.83,0.72,4.87,-0.34,12.19,True,False,10,2.0,5,1.66,True,False,False,,3,12W 17/8 3T,78.3,False,62.09,True,True,False,False,True,True,True,True,True,True,True,True,True,True,60,69
DEEPINDS,DEEP INDUSTRIES,NSE,DEEPINDS.NS,Other,782.5,673.85,493.56,825.0,5.15,13.43,72.15,74.72,58.56,40.64,0.41,5.05,0.0,13.66,True,True,20,2.31,3,2.72,True,False,False,,0,,68.98,False,61.61,True,True,True,True,True,True,True,True,True,True,True,True,True,True,59,77
AKUMS,AKUMS DRUGS AND PHARMA L,NSE,AKUMS.NS,Other,819.55,744.32,572.35,838.8,2.29,5.52,31.52,65.08,86.28,25.95,0.5,3.83,0.01,11.27,True,False,10,2.96,0,2.16,True,False,False,,0,,81.09,False,60.89,True,True,False,False,True,True,True,True,True,True,True,True,True,True,59,59
JGCHEM,J.G.CHEMICALS,NSE,JGCHEM.NS,Other,658.65,580.65,428.46,675.0,2.42,4.0,54.67,96.47,52.5,24.83,1.98,5.58,0.67,18.56,True,False,20,2.91,1,4.69,True,True,False,,3,12W 14/9 3T,93.01,False,61.27,True,True,False,False,True,True,True,True,True,True,True,True,True,True,59,69
FINCABLES,FINOLEX CABLES,NSE,FINCABLES.NS,Other,1435.5,1232.92,996.25,1498.0,4.17,15.1,22.76,79.72,75.32,194.57,0.54,5.56,0.0,13.57,True,True,10,2.78,1,5.43,True,False,False,,2,12W 13/13 2T,69.15,False,60.1,True,True,True,False,True,True,True,True,True,True,True,True,True,True,58,72
TATVA,TATVA CHIN PHARM CHEM,NSE,TATVA.NS,Other,1806.4,1691.91,1346.83,1880.0,3.91,11.05,51.25,63.65,74.18,12.45,0.48,5.18,0.44,19.93,True,False,10,3.83,0,1.35,True,False,False,,0,,79.56,False,60.12,True,True,False,False,True,True,True,True,True,True,True,True,True,True,58,61
REDINGTON,REDINGTON,NSE,REDINGTON.NS,Other,405.45,351.82,273.26,419.5,3.35,13.33,46.81,100.27,47.57,250.95,0.36,3.97,-0.02,11.91,True,False,10,2.29,1,4.42,True,False,False,,2,12W 11/8 2T,70.91,False,59.8,True,True,False,False,True,True,True,True,True,True,True,True,True,True,57,62
GMMPFAUDLR,GMM PFAUDLER,NSE,GMMPFAUDLR.NS,Other,1477.1,1099.33,950.11,1533.6,3.68,41.7,87.08,75.08,39.96,79.34,1.45,4.9,-0.32,15.81,True,True,,,2,4.07,True,False,False,,0,,76.75,False,60.09,False,True,True,True,True,True,True,True,True,True,False,True,True,True,57,49
EMIL,ELECTRONICS MART IND,NSE,EMIL.NS,Other,191.71,171.52,122.54,204.5,6.25,6.15,57.49,106.61,36.24,69.18,0.34,5.51,0.06,16.06,True,False,10,1.97,2,6.16,True,False,False,,2,12W 12/8 2T,58.46,False,58.59,True,True,False,False,True,True,True,True,True,True,True,True,True,True,56,66
PANAMAPET,PANAMA PETROCHEM,NSE,PANAMAPET.NS,Other,480.5,478.16,354.07,599.6,19.86,1.94,14.26,87.9,71.52,10.54,0.29,3.85,1.09,11.47,True,False,50,1.41,0,0.61,False,False,False,,0,,64.05,False,58.02,True,True,False,False,True,True,True,True,True,True,True,True,True,True,56,52
RAIN,RAIN INDUSTRIES,NSE,RAIN.NS,Other,215.41,213.38,167.34,252.0,14.52,10.27,18.47,87.51,63.65,89.78,0.55,4.29,0.23,15.63,True,False,50,2.77,0,1.15,True,False,False,,0,,62.55,False,56.43,True,True,False,False,True,True,True,True,True,True,True,True,True,True,55,59
AMIC,AMIC FORGING,BSE,544037.BO,Other,2389.4,2059.07,1644.19,2481.25,3.7,16.37,33.18,87.1,56.87,12.54,0.25,2.01,-0.15,8.06,True,False,10,2.41,2,2.96,True,False,False,,0,,59.09,False,57.15,True,True,False,False,False,True,True,True,True,True,True,True,True,True,55,61
SAILIFE,SAI LIFE SCIENCES,NSE,SAILIFE.NS,Other,1559.9,1467.63,1139.66,1697.0,8.08,6.86,26.38,59.69,80.91,131.8,0.55,3.45,-0.43,9.96,True,False,20,1.64,4,1.51,True,False,False,,0,,32.33,True,56.23,True,True,False,False,False,False,True,True,True,True,True,True,True,True,54,58
QPOWER,QUALITY POWER ELEC EQUP L,NSE,QPOWER.NS,Other,1614.3,1331.99,1062.62,1638.0,1.45,12.43,31.95,86.24,55.97,52.26,1.41,5.42,0.96,21.45,False,False,10,3.65,1,1.72,True,False,False,,2,12W 18/5 2T,93.16,False,55.89,True,True,False,False,True,True,True,True,True,True,True,True,True,True,54,62
INNOVACAP,INNOVA CAPTAB,NSE,INNOVACAP.NS,Other,1271.2,1079.97,852.3,1353.5,6.08,17.91,29.92,80.58,52.2,14.65,1.66,4.65,-0.49,21.5,False,False,,,3,1.34,True,False,False,,0,,69.89,False,52.83,True,True,False,False,True,True,True,True,True,True,True,True,True,True,53,54
SHANTIGOLD,SHANTI GOLD INTERNATION L,NSE,SHANTIGOLD.NS,Other,306.85,246.78,215.57,333.09,7.88,24.4,37.18,86.4,48.34,129.38,1.08,6.09,0.4,30.72,False,False,,,1,2.26,True,False,False,,3,12W 17/9 3T,72.17,False,55.13,True,True,False,False,True,True,True,True,True,True,True,True,True,True,53,51
DYNAMATECH,DYNAMATIC TECHNOLOGIES,NSE,DYNAMATECH.NS,Industrials,13065.0,11446.46,10389.85,13500.0,3.22,9.18,25.71,39.16,89.43,32.01,1.69,4.21,-0.68,15.31,False,False,10,3.45,0,1.19,True,False,False,,0,,80.67,False,53.58,True,True,False,False,True,True,True,True,True,True,True,True,True,True,53,58
RBZJEWEL,RBZJEWEL,NSE,RBZJEWEL.NS,Other,197.78,158.63,140.35,204.7,3.38,31.16,43.17,70.5,49.52,29.22,0.41,7.72,5.0,21.23,True,False,20,3.88,1,2.07,True,True,False,,3,12W 17/7 3T,96.14,False,52.71,True,True,False,False,True,True,True,True,True,True,True,True,True,True,52,70
ASIANENE,ASIAN ENERGY SERVICES,NSE,ASIANENE.NS,Other,478.25,453.47,341.27,565.7,15.46,1.43,33.35,85.0,46.75,25.31,0.42,6.17,0.44,12.81,True,True,,,1,2.8,True,False,False,,3,12W 19/9 3T,19.66,True,51.01,True,True,False,False,False,False,True,True,True,True,True,True,True,True,52,52
SHAREINDIA,SHARE IND. SECURITIES,NSE,SHAREINDIA.NS,Other,205.68,185.34,154.0,233.35,11.86,19.09,52.97,60.12,50.9,195.08,0.3,5.5,0.0,22.02,True,False,,,3,6.37,True,False,False,,0,,57.19,False,50.9,True,True,False,False,False,True,True,True,True,True,True,True,True,True,51,55
KMEW,KNOWLEDGE MARINE & EN W L,NSE,KMEW.NS,Other,3064.8,2748.9,2080.88,3758.5,18.46,4.8,33.72,94.21,38.18,35.32,5.48,4.97,3.07,19.94,False,False,20,2.27,0,1.98,True,True,False,,2,12W 13/8 2T,94.26,False,50.76,False,False,False,False,True,True,True,True,True,True,True,False,True,True,51,51
VSSL,VARDHMAN SPC STEEL,NSE,VSSL.NS,Other,405.85,354.71,286.62,428.25,5.23,13.95,45.21,81.28,38.78,23.82,0.17,5.25,0.67,12.1,True,True,10,3.07,5,3.07,True,False,False,,2,12W 11/9 2T,70.31,False,50.33,True,True,True,False,False,True,True,True,True,True,True,True,True,True,50,74
INOXINDIA,INOX INDIA,NSE,INOXINDIA.NS,Industrials,2070.4,2040.91,1548.42,2339.5,11.5,-2.99,5.72,66.28,73.98,73.95,1.03,4.76,0.26,12.47,True,True,50,3.05,0,2.06,True,False,False,,0,,34.16,True,50.32,True,True,False,False,False,False,True,True,True,True,True,True,True,True,50,59
KTKBANK,KARNATAKA BANK,NSE,KTKBANK.NS,Other,324.25,314.69,253.2,345.9,6.26,-3.25,18.6,40.87,86.03,65.79,0.45,3.11,0.05,10.96,True,False,50,5.08,0,2.04,True,False,False,,2,12W 8/6 2T,40.51,False,50.07,True,True,False,False,False,False,True,True,True,True,True,True,True,True,49,55
SHRIPISTON,SPR AUTO TECHNOLOGIES,NSE,SHRIPISTON.NS,Other,4749.2,4469.57,3613.38,4843.0,1.94,3.04,13.42,56.99,74.96,35.95,3.51,3.48,0.05,14.59,False,False,10,2.85,1,1.88,True,True,False,,4,12W 9/4 4T,86.46,False,50.07,True,True,False,False,True,True,True,True,True,True,True,True,True,True,49,64
QUADFUTURE,QUADRANT FUTURE TEK,NSE,QUADFUTURE.NS,Other,542.15,419.86,350.35,564.9,4.03,28.61,25.34,89.5,38.68,96.31,0.4,7.62,0.66,18.07,True,False,,,1,3.81,True,False,False,,0,,83.36,False,50.25,True,True,False,False,True,True,True,True,True,True,True,True,True,True,49,52
ARTEMISMED,ARTEMIS MED SERVICE,NSE,ARTEMISMED.NS,Other,366.6,319.87,267.27,378.8,3.22,15.48,38.37,64.72,53.02,50.98,0.64,4.53,-0.48,19.69,False,False,10,2.98,1,5.16,True,False,False,,2,12W 15/5 2T,83.1,False,49.84,True,True,False,False,True,True,True,True,True,True,True,True,True,True,48,60
KRN,KRN HEAT EXCHANGE N REF L,NSE,KRN.NS,Other,1443.1,1412.13,1090.07,1687.0,14.46,-7.08,15.21,61.93,70.91,34.67,1.86,4.48,1.56,10.0,True,True,50,1.86,0,1.13,True,False,False,,0,,24.93,True,49.28,True,True,False,False,True,False,True,True,True,True,True,True,True,True,47,57
CHENNPETRO,CHENNAI PETROLEUM CORP LT,NSE,CHENNPETRO.NS,Other,1436.9,1372.98,1088.0,1677.5,14.34,5.08,24.27,41.17,78.43,312.61,1.26,5.14,0.35,11.05,True,True,20,3.22,0,2.27,True,True,False,,0,,24.03,True,49.08,True,True,False,False,True,False,True,True,True,True,True,True,True,True,47,63
GLAND,GLAND PHARMA,NSE,GLAND.NS,Pharma,2989.7,2782.78,2138.18,3042.0,1.72,3.6,19.83,75.25,54.08,186.75,1.32,3.09,0.02,7.75,True,False,20,0.96,1,2.14,True,True,False,,2,12W 9/4 2T,81.7,False,48.53,True,True,False,False,True,True,True,True,True,True,True,True,True,True,47,62
DIVISLAB,DIVI S LABORATORIES,NSE,DIVISLAB.NS,Pharma,9431.0,8727.01,6998.55,9740.0,3.17,-0.38,43.35,59.67,54.49,466.93,1.28,2.02,0.13,8.66,False,False,10,1.19,1,2.2,True,False,False,,0,,62.18,False,48.33,True,True,False,False,False,True,True,True,True,True,True,True,True,True,46,56
ARVIND,ARVIND,NSE,ARVIND.NS,Real Estate,545.45,545.29,438.17,607.15,10.16,-1.84,-7.09,55.55,83.59,36.87,0.44,4.19,0.27,7.5,True,True,50,1.14,0,0.95,False,False,False,,3,12W 12/5 3T,18.98,True,48.5,True,True,False,False,False,False,True,True,True,True,True,True,True,True,46,51
ICIL,INDO COUNT INDUSTRIES,NSE,ICIL.NS,Other,434.95,427.98,329.3,485.95,10.49,-7.35,-0.75,76.54,64.85,25.18,0.37,4.78,-0.07,17.91,True,False,20,1.87,0,3.07,True,False,False,,0,,34.53,True,48.01,True,True,False,False,False,False,True,True,True,True,True,True,True,True,45,49
KDDL,KDDL,NSE,KDDL.NS,Other,3931.6,3758.17,2831.46,4270.0,7.93,0.05,22.02,81.82,48.13,14.83,0.46,3.62,0.0,13.68,False,False,10,2.68,0,2.62,True,False,False,,0,,37.1,False,48.21,True,True,False,False,False,False,True,True,True,True,True,True,True,True,45,55
QUESS,QUESS CORP,NSE,QUESS.NS,Other,342.1,338.33,244.91,388.75,12.0,-10.39,27.84,94.04,37.67,20.4,0.18,4.99,-0.34,12.88,True,True,10,2.15,2,3.13,True,False,False,,0,,31.56,True,47.81,True,True,False,False,False,False,True,True,True,True,True,True,True,True,44,63
WOCKPHARMA,WOCKHARDT,NSE,WOCKPHARMA.NS,Pharma,2194.2,2007.15,1645.62,2422.3,9.42,16.48,13.02,73.1,54.02,311.19,1.32,4.6,0.52,17.9,False,False,10,3.6,2,1.66,True,True,False,,0,,57.78,False,47.79,True,True,False,False,True,True,True,True,True,True,True,True,True,True,44,66
ONEPOINT,ONE POINT ONE SOL,NSE,ONEPOINT.NS,Other,71.62,58.01,54.46,74.0,3.22,30.74,25.43,62.66,50.62,23.07,3.64,5.59,0.43,25.96,False,False,,,2,4.88,True,True,False,,0,,87.4,False,47.21,True,True,False,False,True,True,True,True,True,True,True,True,True,True,43,55
SAMBHV,SAMBHV STEEL TUBES,NSE,SAMBHV.NS,Other,162.24,129.23,110.01,163.8,0.95,26.84,49.59,60.86,39.9,106.43,2.26,5.49,0.0,24.69,False,False,,,1,3.54,True,True,False,,2,12W 12/8 2T,96.1,False,46.82,True,True,False,False,True,True,True,True,True,True,True,True,True,True,43,52
ENTERO,ENTERO HEALTHCARE SOLU L,NSE,ENTERO.NS,Other,1764.9,1559.59,1255.56,1920.0,8.08,-2.49,48.31,41.58,59.17,40.54,0.4,4.32,-0.56,14.97,True,False,20,1.96,0,3.04,True,False,False,,2,12W 7/7 2T,55.09,False,45.56,True,True,False,False,False,False,True,True,True,True,True,True,True,True,42,55
ENGINERSIN,ENGINEERS INDIA,NSE,ENGINERSIN.NS,Other,310.2,256.42,226.18,321.4,3.48,18.46,28.92,54.34,53.85,182.4,1.01,4.19,-1.21,21.86,False,False,,,2,3.09,True,False,False,,2,12W 12/7 2T,83.48,False,45.47,True,True,False,False,True,True,True,True,True,True,True,True,True,True,42,48
WSTCSTPAPR,WEST COAST PAPER MILLS LT,NSE,WSTCSTPAPR.NS,Industrials,703.45,638.02,501.78,777.0,9.47,14.98,31.65,61.92,47.27,20.73,0.54,4.56,0.23,13.92,True,False,,,2,2.03,True,False,False,,2,12W 10/-6 2T,34.91,True,45.31,True,True,False,False,False,False,True,True,True,True,True,True,True,True,41,41
ORCHPHARMA,ORCHID PHARMA,NSE,ORCHPHARMA.NS,Other,1014.9,1004.25,789.93,1143.5,11.25,4.53,4.33,95.44,38.32,13.08,1.48,4.83,0.0,19.05,False,False,50,5.54,2,1.02,True,False,False,,0,,33.47,True,45.28,True,True,False,False,False,True,True,True,True,True,True,True,True,True,41,53
YATHARTH,YATHARTH HOSP & TRA C S L,NSE,YATHARTH.NS,Other,1108.0,942.16,784.49,1184.0,6.42,10.59,29.05,66.2,45.71,89.08,0.55,3.82,-0.85,20.17,True,False,,,0,2.82,True,False,False,,3,12W 10/4 3T,66.0,False,45.01,True,True,False,False,False,True,True,True,True,True,True,True,True,True,41,42
SMSPHARMA,SMS PHARMACEUTICALS,NSE,SMSPHARMA.NS,Other,479.4,395.78,377.95,494.45,3.04,28.92,16.2,22.06,80.18,92.7,0.66,6.71,-0.03,21.11,True,False,,,1,2.81,True,False,False,,0,,85.13,False,44.82,True,True,False,False,True,True,True,True,True,True,True,True,True,True,40,48
TALBROAUTO,TALBROS AUTO. COMP.,NSE,TALBROAUTO.NS,Other,433.2,421.65,330.9,485.8,10.83,5.3,3.75,78.04,49.74,17.53,0.97,4.54,0.0,17.49,False,False,,,0,1.27,True,False,False,,0,,30.56,True,44.59,True,True,False,False,False,False,True,True,True,True,True,True,True,True,40,35
LOTUSDEV,LOTUSDEV,NSE,LOTUSDEV.NS,Other,214.15,189.66,153.14,226.0,5.24,17.11,44.27,90.27,14.83,37.84,0.28,5.35,-0.99,11.14,True,True,10,2.93,3,2.88,True,False,False,,2,12W 23/9 2T,64.09,False,43.58,True,True,True,False,False,True,True,True,True,True,True,True,True,True,39,71
PAYTM,ONE 97 COMMUNICATIONS,NSE,PAYTM.NS,Retail & E-commerce,1683.0,1588.57,1263.27,1855.5,9.3,-1.99,47.44,68.79,35.99,832.0,0.83,3.8,0.0,13.73,True,False,20,4.23,1,1.78,True,False,False,,0,,25.36,True,44.32,True,True,False,False,False,False,True,True,True,True,True,True,True,True,39,49
DPABHUSHAN,D. P. ABHUSHAN,NSE,DPABHUSHAN.NS,Other,1665.8,1424.55,1201.15,1670.0,0.25,12.93,78.04,65.66,17.09,11.18,11.2,5.0,-0.3,22.56,False,False,50,4.1,0,4.91,True,True,False,,3,12W 16/11 3T,100.0,False,43.43,False,False,False,False,True,True,True,True,True,True,False,False,True,True,38,47
ACMESOLAR,ACME SOLAR HOLDINGS,NSE,ACMESOLAR.NS,Other,437.95,396.29,307.33,476.9,8.17,8.96,15.08,64.15,50.94,122.89,0.44,4.71,0.24,16.78,True,False,,,0,1.89,True,False,False,,0,,55.38,False,43.53,True,True,False,False,False,True,True,True,True,True,True,True,True,True,38,42
VARROC,VARROC ENGINEERING,NSE,VARROC.NS,Other,837.4,794.83,621.33,912.2,8.2,-2.85,32.29,75.06,34.98,31.39,0.52,4.22,-0.28,12.46,True,False,20,1.65,0,4.28,True,False,False,,2,12W 10/9 2T,28.28,True,42.68,True,True,False,False,False,False,True,True,True,True,True,True,True,True,37,46
KROSS,KROSS,NSE,KROSS.NS,Other,261.83,218.75,198.23,283.0,7.48,23.09,42.51,62.3,34.16,43.97,0.54,5.72,-0.09,23.9,False,False,,,3,4.3,True,False,False,,0,,71.43,False,43.17,False,True,False,False,True,True,True,True,True,True,False,True,True,True,37,39
RGL,RENAISSANCE GLOBAL,NSE,RGL.NS,Other,164.27,136.78,117.22,173.8,5.48,21.48,40.8,61.33,34.07,18.66,0.18,5.55,0.28,16.68,True,False,10,3.41,2,2.98,True,False,False,,0,,67.4,False,42.33,False,True,False,False,True,True,True,True,True,True,False,True,True,True,36,48
MANALIPETC,MANALI PETROCHEMICALS LT,NSE,MANALIPETC.NS,Other,80.18,75.53,61.54,93.0,13.78,-1.92,25.09,92.0,25.6,40.65,0.23,5.82,0.09,12.82,True,True,,,3,5.63,True,False,False,,0,,10.32,True,42.66,True,True,False,False,False,False,True,True,True,True,True,True,True,True,36,52
WELENT,WELSPUN ENTERPRISES,NSE,WELENT.NS,Other,744.3,677.35,548.19,841.9,11.59,8.61,23.75,69.58,38.87,71.47,0.76,4.75,0.0,15.68,True,False,,,1,1.4,True,False,False,,2,12W 12/10 2T,16.37,True,42.04,True,True,False,False,False,False,True,True,True,True,True,True,True,True,35,37
KINGFA,KINGFA SCI & TEC IND,NSE,KINGFA.NS,Other,6524.5,5763.68,4904.46,6594.5,1.06,7.83,26.38,55.54,48.45,10.03,1.3,3.58,0.0,14.09,True,False,20,3.23,2,2.18,True,False,False,,3,12W 11/4 3T,92.38,False,42.1,True,True,False,False,True,True,True,True,True,True,True,True,True,True,35,57
RPGLIFE,RPG LIFE SCIENCES,NSE,RPGLIFE.NS,Pharma,3089.2,2763.16,2307.3,3127.8,1.23,17.5,34.75,64.53,35.05,11.29,3.7,5.63,-0.68,16.1,False,False,10,3.66,1,1.52,True,True,False,,0,,92.24,False,42.08,True,True,False,False,True,True,True,True,True,True,True,True,True,True,35,62
NAZARA,NAZARA TECHNOLOGIES,NSE,NAZARA.NS,Media,388.4,352.03,290.85,391.1,0.69,4.21,28.14,63.99,41.8,51.48,1.09,3.21,-0.17,11.71,True,False,20,1.97,0,3.3,True,True,False,,2,12W 9/8 2T,94.07,False,41.97,True,True,False,False,True,True,True,True,True,True,True,True,True,True,34,56
WABAG,VA TECH WABAG,NSE,WABAG.NS,Auto,2093.8,2031.62,1583.98,2319.0,9.71,5.79,4.22,69.37,48.81,165.88,1.0,4.32,0.0,9.5,True,True,20,1.79,3,1.28,True,False,False,,2,12W 13/13 2T,37.82,False,41.76,True,True,True,False,True,True,True,True,True,True,True,True,True,True,34,68
AEQUS,AEQUS,NSE,AEQUS.NS,Other,271.63,240.5,185.19,274.39,1.01,11.17,15.76,121.0,,110.1,3.22,4.44,-0.04,22.31,False,False,50,4.89,0,1.85,True,True,False,,2,12W 17/9 2T,96.09,False,40.57,False,False,False,False,True,True,True,True,True,True,True,False,True,True,33,45
MAFANG,MIRAE ASSET NYSE FANG ETF,NSE,MAFANG.NS,Other,238.14,213.3,183.96,258.47,7.87,13.43,30.06,59.04,40.93,19.18,0.98,6.13,2.12,11.2,False,True,10,2.17,3,0.71,False,False,False,,0,,53.23,False,41.44,True,True,False,True,True,True,True,True,True,True,True,True,True,True,33,64
APOLLO,APOLLO MICRO SYSTEMS,NSE,APOLLO.NS,Other,402.6,393.0,317.43,466.5,13.7,4.27,-5.21,105.65,21.78,332.58,0.93,4.45,0.83,13.16,True,False,20,2.83,0,1.29,True,False,False,,2,12W 16/15 2T,61.91,False,39.79,True,True,False,False,True,True,True,True,True,True,True,True,True,True,32,52
VIJAYA,VIJAYA DIAGNOSTIC CEN,NSE,VIJAYA.NS,Other,1475.0,1452.99,1190.47,1593.6,7.44,-2.86,9.05,66.75,47.45,21.64,0.47,3.76,-0.25,14.48,True,False,10,2.2,0,1.2,True,False,False,,2,12W 13/9 2T,44.48,False,40.53,True,True,False,False,False,False,True,True,True,True,True,True,True,True,32,51
UNICHEMLAB,UNICHEM LABORATORIES,NSE,UNICHEMLAB.NS,Other,568.4,538.38,428.06,687.2,17.29,2.13,23.11,90.61,19.4,17.23,14.75,5.61,0.11,19.39,False,False,20,1.79,0,3.01,True,True,False,,0,,64.07,False,39.78,True,True,False,False,True,True,True,True,True,True,True,True,True,True,31,58
UFLEX,UFLEX,NSE,UFLEX.NS,Other,647.7,587.21,475.21,723.5,10.48,-0.22,54.25,75.41,14.45,19.78,0.23,4.53,-0.28,11.89,True,False,20,1.1,1,4.73,True,False,False,,0,,42.67,False,39.23,False,True,False,False,False,False,True,True,True,True,False,True,True,True,31,42
JTLIND,JTL INDUSTRIES,NSE,JTLIND.NS,Other,88.88,81.89,70.66,94.0,5.45,-1.17,11.67,82.96,29.09,29.9,0.68,5.11,0.72,16.3,False,False,20,1.46,0,1.84,True,False,False,,2,12W 13/11 2T,65.7,False,38.74,True,True,False,False,True,True,True,True,True,True,True,True,True,True,30,52
CAPLIPOINT,CAPLIN POINT LAB,NSE,CAPLIPOINT.NS,Pharma,2744.0,2632.55,2100.99,2990.0,8.23,9.0,4.49,74.77,37.41,69.02,0.48,4.13,-0.07,18.2,False,False,20,3.04,0,3.0,True,False,False,,2,12W 9/5 2T,50.75,False,39.19,True,True,False,False,False,False,True,True,True,True,True,True,True,True,30,51
PTCIL,PTC INDUSTRIES,NSE,PTCIL.NS,Other,22535.0,20697.04,18153.18,24125.0,6.59,1.9,31.41,49.93,41.06,70.07,0.57,3.96,0.0,8.36,True,False,20,2.27,0,2.27,True,False,False,,2,12W 9/8 2T,40.35,False,37.87,True,True,False,False,True,False,True,True,True,True,True,True,True,True,29,50
MAXESTATES,MAX ESTATES,NSE,MAXESTATES.NS,Other,569.25,496.0,430.22,652.8,12.8,11.07,32.85,75.07,19.24,11.4,0.36,4.66,0.53,18.89,False,False,,,0,3.75,True,False,False,,0,,31.4,True,37.89,True,True,False,False,False,True,True,True,True,True,True,True,True,True,29,32
MSTCLTD,MSTC,NSE,MSTCLTD.NS,Other,713.05,682.02,538.94,805.0,11.42,-5.07,0.51,83.63,32.75,22.4,0.46,4.89,0.22,12.61,True,False,50,7.9,0,2.36,True,False,False,,0,,36.23,False,37.79,True,True,False,False,False,False,True,True,True,True,True,True,True,True,29,52
JASH,JASH ENGINEERING,NSE,JASH.NS,Other,598.4,508.91,441.14,603.0,0.76,28.54,17.96,65.99,27.44,59.74,1.22,4.11,0.39,20.22,True,False,,,2,7.83,True,True,False,,3,12W 9/5 3T,96.2,False,37.22,True,True,False,False,True,True,True,True,True,True,True,True,True,True,28,49
LUMAXTECH,LUMAX AUTO TECH,NSE,LUMAXTECH.NS,Other,2011.7,1871.7,1664.63,2190.0,8.14,-3.21,31.18,26.24,59.84,26.22,0.29,4.17,0.0,14.17,True,False,10,2.34,0,2.46,True,False,False,,0,,39.82,False,37.72,True,True,False,False,False,True,True,True,True,True,True,True,True,True,28,50
SOLARA,SOLARA ACTIVE PHA SCI,NSE,SOLARA.NS,Pharma,749.85,617.11,543.78,774.0,3.12,18.53,30.25,63.33,25.09,45.84,0.72,5.71,-0.18,13.19,True,True,10,2.02,0,2.34,True,False,False,,2,12W 22/7 2T,77.0,False,36.94,True,True,True,True,True,True,True,True,True,True,True,True,True,True,27,60
ABDL,ALLIED BLEND N DISTILS L,NSE,ABDL.NS,Other,716.5,627.7,557.41,753.8,4.95,15.86,7.28,69.97,31.07,76.04,0.79,3.93,-0.5,18.81,False,False,,,1,3.33,True,False,False,,3,12W 11/7 3T,77.7,False,36.46,True,True,False,False,True,True,True,True,True,True,True,True,True,True,27,40
UGARSUGAR,UGARSUGAR,NSE,UGARSUGAR.NS,Other,57.81,50.41,42.35,66.77,13.42,3.99,41.31,47.74,33.45,14.81,0.68,8.68,-0.47,26.92,False,False,,,1,2.88,True,False,False,,4,12W 19/6 4T,50.98,False,36.36,True,True,False,False,True,True,True,True,True,True,True,True,True,True,26,46
SUDEEPPHRM,SUDEEP PHARMA,NSE,SUDEEPPHRM.NS,Other,1195.2,1087.98,775.38,1378.0,13.27,-1.2,40.86,94.66,,33.75,1.04,5.32,0.0,10.41,True,True,20,4.2,0,2.14,True,False,False,,0,,39.51,False,36.45,False,False,False,False,True,False,True,True,True,True,True,False,True,True,26,47
SUPRIYA,SUPRIYA LIFESCIENCE,NSE,SUPRIYA.NS,Pharma,985.05,867.76,769.69,1085.0,9.21,23.39,-3.24,63.9,37.29,36.52,1.73,4.34,0.13,17.69,False,False,10,3.92,2,1.41,True,True,False,,0,,80.06,False,35.78,True,True,False,False,True,True,True,True,True,True,True,True,True,True,25,60
GRANULES,GRANULES INDIA,NSE,GRANULES.NS,Pharma,866.75,856.36,717.02,923.65,6.16,4.62,6.58,38.0,55.92,166.49,0.95,3.46,-0.16,7.08,True,True,20,1.16,1,1.1,True,False,False,,0,,39.88,False,35.54,True,True,True,False,True,False,True,True,True,True,True,True,True,True,25,59
MVGJL,MANOJ VAIBHAV GEM N JEW L,NSE,MVGJL.NS,Other,212.6,177.88,166.41,233.99,9.14,40.77,46.06,47.77,14.89,17.35,0.45,8.16,0.17,20.56,False,True,10,3.51,3,1.62,True,False,False,,2,12W 21/8 2T,62.81,False,33.57,False,True,False,False,False,True,True,True,True,True,False,True,True,True,24,58
SMLMAH,SML MAHINDRA,NSE,SMLMAH.NS,Other,6616.5,5529.74,4408.66,6898.5,4.09,29.53,61.46,66.68,,67.34,0.18,5.63,0.91,14.46,True,True,10,3.11,0,3.06,True,False,False,,0,,70.53,False,35.25,True,True,True,True,True,True,True,True,True,True,True,True,True,True,24,59
TARSONS,TARSONS PRODUCTS,NSE,TARSONS.NS,Other,330.35,325.4,244.52,375.0,11.91,-0.39,23.27,83.65,10.14,13.96,0.17,4.93,0.56,21.11,True,False,50,3.92,0,5.72,True,False,False,,2,12W 18/14 2T,62.01,False,33.76,True,True,False,False,True,True,True,True,True,True,True,True,True,True,24,50
RAMRAT,RAM RATNA WIRES,NSE,RAMRAT.NS,Other,583.8,500.97,400.09,669.2,12.76,3.57,43.48,93.06,-8.56,14.91,0.71,4.82,0.0,15.4,True,False,20,2.96,1,2.84,True,True,False,,3,12W 12/7 3T,93.1,False,33.54,False,False,False,False,True,True,True,True,True,True,True,False,True,True,23,45
ALIVUS,ALIVUS LIFE SCIENCES,NSE,ALIVUS.NS,Other,1356.8,1322.72,1079.13,1493.8,9.17,-3.48,17.32,37.86,46.59,20.3,1.49,3.52,-0.63,9.46,True,False,20,1.5,0,2.37,True,False,False,,3,12W 9/6 3T,30.53,True,33.11,True,True,False,False,False,False,True,True,True,True,True,True,True,True,23,41
AARTIPHARM,AARTI PHARMALABS,NSE,AARTIPHARM.NS,Other,972.8,807.65,730.58,985.05,1.24,15.07,43.05,53.18,17.24,71.45,0.9,4.75,-0.22,22.62,False,False,,,0,4.48,True,False,False,,0,,94.43,False,32.97,False,True,False,False,True,True,True,True,True,True,False,True,True,True,22,25
LLOYDSME,LLOYDS METALS N ENERGY L,NSE,LLOYDSME.NS,Other,1902.2,1892.13,1581.38,2125.0,10.48,6.0,5.07,41.15,45.05,63.52,0.96,2.46,0.22,7.68,True,False,10,1.36,0,1.23,True,False,False,,0,,94.82,False,31.98,True,True,False,False,True,True,True,True,True,True,True,True,True,True,22,47
AEGISVOPAK,AEGIS VOPAK TERMINALS,NSE,AEGISVOPAK.NS,Other,294.25,287.1,233.06,320.95,8.32,9.49,25.38,75.28,7.76,62.03,0.56,5.14,-0.18,13.83,True,False,10,3.13,0,2.14,True,False,False,,0,,34.4,True,31.72,True,True,False,False,False,False,True,True,True,True,True,True,True,True,21,42
ITDCEM,ITDCEM,NSE,ITDCEM.NS,Construction,826.2,778.48,613.37,944.0,12.48,5.54,71.71,56.45,,37.27,2.32,3.84,0.45,16.09,False,False,20,5.05,2,1.28,True,True,False,,4,12W 15/4 4T,95.46,False,31.83,True,True,False,False,True,True,True,True,True,True,True,True,True,True,21,58
GREAVESCOT,GREAVES COTTON,NSE,GREAVESCOT.NS,Auto,234.99,207.68,182.22,271.9,13.57,18.8,6.82,78.92,11.4,51.52,1.5,3.82,0.13,25.36,False,False,,,0,1.4,True,True,False,,3,12W 24/8 3T,94.45,False,31.48,True,True,False,False,True,True,True,True,True,True,True,True,True,True,20,41
AUROPHARMA,AUROBINDO PHARMA,NSE,AUROPHARMA.NS,Pharma,1697.7,1638.82,1413.55,1740.0,2.43,-1.12,7.54,26.5,55.74,128.4,1.3,2.17,-0.03,6.89,True,False,10,1.26,0,1.44,True,False,False,,2,12W 5/3 2T,63.85,False,31.64,True,True,False,False,False,True,True,True,True,True,True,True,True,True,20,46
PCJEWELLER,PC JEWELLER,NSE,PCJEWELLER.NS,Consumer Durables,13.23,11.2,9.83,14.86,10.97,20.38,51.03,60.36,2.32,789.85,0.66,7.12,0.0,23.05,False,True,,,3,1.31,True,False,False,,0,,46.56,False,31.28,False,True,False,False,False,True,True,True,True,True,False,True,True,True,19,43
LLOYDSENT,LLOYDS ENTERPRISES,NSE,LLOYDSENT.NS,Other,79.13,75.66,65.65,84.7,6.58,9.37,7.19,76.71,14.61,22.83,1.34,4.3,-0.04,19.58,False,False,,,0,1.22,True,True,False,,3,12W 14/6 3T,85.35,False,31.23,True,True,False,False,True,True,True,True,True,True,True,True,True,True,19,41
BALRAMCHIN,BALRAMPUR CHINI MILLS,NSE,BALRAMCHIN.NS,Other,672.9,660.07,535.34,780.95,13.84,-2.97,21.25,35.95,39.79,149.94,0.16,3.88,0.0,8.03,True,True,50,3.16,0,1.7,True,False,False,,0,,34.45,True,30.66,True,True,False,False,False,False,True,True,True,True,True,True,True,True,18,48
RKFORGE,RAMKRISHNA FORGINGS,NSE,RKFORGE.NS,Other,714.65,698.43,584.53,772.8,7.52,-3.89,26.51,42.37,30.16,41.88,0.62,3.49,-0.01,11.46,True,False,10,0.87,0,2.39,True,True,False,,0,,67.83,False,29.69,True,True,False,False,True,True,True,True,True,True,True,True,True,True,18,52
JBCHEPHARM,JBCHEPHARM,NSE,JBCHEPHARM.NS,Pharma,2408.9,2244.72,1981.52,2525.5,4.62,9.71,20.57,27.84,41.04,150.18,11.07,2.37,0.0,8.2,False,False,10,3.49,2,1.04,True,False,False,,0,,61.75,False,29.85,True,True,False,False,False,True,True,True,True,True,True,True,True,True,18,51
GNFC,GUJ NAR VAL FER & CHEM L,NSE,GNFC.NS,Chemicals,611.5,565.23,498.42,636.0,3.85,6.39,12.53,56.29,23.09,76.14,0.74,3.31,-0.27,17.53,False,False,20,4.82,0,3.3,True,False,False,,0,,77.15,False,29.27,True,True,False,False,True,True,True,True,True,True,True,True,True,True,17,46
MANORAMA,MANORAMA INDUSTRIES,NSE,MANORAMA.NS,Other,1863.5,1828.12,1503.68,2149.5,13.31,-1.44,12.58,52.6,28.8,45.01,0.32,3.54,0.0,8.63,True,True,50,5.89,2,4.23,True,False,False,,0,,10.12,True,29.67,True,True,False,False,False,False,True,True,True,True,True,True,True,True,17,53
KSL,KALYANI STEELS,NSE,KSL.NS,Other,964.35,906.79,798.34,1032.9,6.64,6.0,9.59,57.82,22.46,17.04,0.72,4.69,0.07,13.66,False,False,10,1.16,4,2.34,True,False,False,,2,12W 10/7 2T,47.97,False,28.85,True,True,False,False,True,True,True,True,True,True,True,True,True,True,16,55
RAYMONDREL,RAYMOND REALTY,NSE,RAYMONDREL.NS,Other,672.55,610.0,531.2,741.95,9.35,26.37,8.62,68.45,9.55,179.93,0.83,5.92,-0.42,26.89,False,False,,,1,3.93,True,False,False,,0,,61.63,False,28.72,True,True,False,False,True,True,True,True,True,True,True,True,True,True,16,40
CARBORUNIV,CARBORUNDUM UNIVERSAL,NSE,CARBORUNIV.NS,Industrials,1200.5,1116.17,970.65,1368.9,12.3,8.49,1.89,49.6,30.59,73.64,0.75,4.63,-0.49,29.22,False,False,,,0,3.0,True,False,False,,0,,52.0,False,28.34,True,True,False,False,True,True,True,True,True,True,True,True,True,True,15,35
RBA,RESTAURANT BRAND ASIA,NSE,RBA.NS,Other,91.98,90.4,72.17,111.15,17.25,-6.24,16.17,55.63,22.82,28.83,0.17,3.71,0.43,8.83,True,False,50,6.14,0,4.18,True,False,False,,0,,20.29,True,28.43,True,True,False,False,False,False,True,True,True,True,True,True,True,True,15,39
ASKAUTOLTD,ASK AUTOMOTIVE,NSE,ASKAUTOLTD.NS,Other,619.85,604.89,485.26,678.75,8.68,-6.07,37.97,42.27,20.62,18.57,0.98,3.94,-1.13,13.27,True,False,20,2.88,0,3.3,True,False,False,,0,,28.39,True,27.91,True,True,False,False,False,False,True,True,True,True,True,True,True,True,14,39
STYLEBAAZA,BAAZAR STYLE RETAIL,NSE,STYLEBAAZA.NS,Other,405.0,359.98,326.09,447.1,9.42,1.04,45.06,37.54,18.8,46.44,1.79,4.39,0.16,11.33,False,False,,,1,1.56,True,False,False,,0,,93.57,False,27.9,True,True,False,False,True,True,True,True,True,True,True,True,True,True,14,37
WINDLAS,WINDLAS BIOTECH,NSE,WINDLAS.NS,Pharma,1096.25,995.08,852.55,1181.9,7.25,10.26,27.57,42.81,20.18,21.6,0.65,4.2,-1.13,8.87,True,True,20,1.84,4,3.03,True,False,False,,3,12W 11/7 3T,36.67,False,27.45,True,True,True,False,False,False,True,True,True,True,True,True,True,True,13,62
SANGHVIMOV,SANGHVI MOVERS,NSE,SANGHVIMOV.NS,Other,454.0,452.59,358.01,528.0,14.02,-0.71,3.56,69.78,12.36,10.94,0.6,4.27,-0.07,14.68,True,False,10,3.36,1,1.38,True,False,False,,2,12W 17/10 2T,88.07,False,26.52,True,True,False,False,True,True,True,True,True,True,True,True,True,True,13,49
PITTIENG,PITTI ENGINEERING,NSE,PITTIENG.NS,Other,1131.4,1058.1,919.31,1228.0,7.87,2.26,16.34,53.57,15.66,21.16,0.35,4.3,-0.07,10.98,True,True,20,1.35,4,2.51,True,False,False,,2,12W 14/6 2T,52.93,False,25.83,True,True,True,False,False,False,True,True,True,True,True,True,True,True,12,62
TNPETRO,TAMILNADU PETROPRODUCTS L,NSE,TNPETRO.NS,Other,125.67,115.2,97.77,146.99,14.5,4.06,31.55,50.39,9.23,31.1,0.43,7.08,0.5,15.72,False,False,,,0,3.83,True,False,False,,0,,21.2,True,25.53,True,True,False,False,False,False,True,True,True,True,True,True,True,True,12,30
DIFFNKG,DIFFUSION ENGINEERS,NSE,DIFFNKG.NS,Other,448.15,420.56,336.04,519.9,13.8,-7.69,5.65,66.25,15.49,12.35,0.34,4.94,0.68,8.9,True,True,20,1.7,0,1.26,True,False,False,,2,12W 21/10 2T,66.5,False,26.43,True,True,True,False,True,True,True,True,True,True,True,True,True,True,12,55
PRABHA,PRABHA ENERGY,NSE,PRABHA.NS,Other,224.41,196.13,170.6,262.8,14.61,9.68,46.1,46.57,2.49,22.89,0.13,6.59,-0.17,11.64,True,True,,,0,9.22,True,False,False,,0,,18.67,True,25.16,True,True,False,False,False,False,True,True,True,True,True,True,True,True,11,37
EMUDHRA,EMUDHRA,NSE,EMUDHRA.NS,IT,627.15,537.8,494.1,688.35,8.89,14.47,40.62,59.48,-4.98,144.58,0.48,5.42,0.15,12.96,True,False,,,0,3.25,True,False,False,,0,,71.73,False,25.42,False,False,False,False,False,True,True,True,True,True,False,False,True,True,11,23
AXISCADES,AXISCADES TECH,NSE,AXISCADES.NS,Other,2067.4,1678.49,1616.93,2211.0,6.49,23.71,21.37,30.54,22.85,46.05,4.26,4.91,8.22,20.62,False,False,,,3,1.51,True,True,False,,2,12W 15/13 2T,100.0,False,24.95,False,False,False,False,True,True,True,True,True,False,True,True,True,True,10,35
JYOTICNC,JYOTI CNC AUTOMATION,NSE,JYOTICNC.NS,Other,1059.3,937.56,823.45,1134.6,6.64,6.47,36.67,38.28,13.35,141.9,0.54,4.6,-0.2,19.45,True,False,20,5.04,0,2.0,True,False,False,,0,,63.45,False,24.8,False,True,False,False,True,True,True,True,True,True,False,True,True,True,10,34
VINCOFE,VINTAGE COFFEE N BVRGS L,NSE,VINCOFE.NS,Other,182.56,165.14,150.5,191.35,4.59,-1.73,17.89,34.69,25.43,38.31,0.5,4.66,-0.54,16.13,True,False,20,2.48,1,1.53,True,False,False,,2,12W 13/12 2T,70.14,False,23.98,False,True,False,False,True,True,True,True,True,True,False,True,True,True,9,36
SHANTIGEAR,SHANTHI GEARS,NSE,SHANTIGEAR.NS,Other,601.65,530.13,470.35,743.0,19.02,14.49,35.55,36.75,11.8,18.87,0.17,6.25,-1.31,20.17,True,True,,,3,12.15,True,False,False,,2,12W 13/9 2T,0.0,True,24.31,True,True,False,False,False,False,True,True,True,True,True,True,True,True,9,44
RACLGEAR,RACL GEARTECH,NSE,RACLGEAR.NS,Other,1588.6,1509.35,1313.89,1927.7,17.59,3.44,13.21,29.6,25.88,30.76,0.44,7.25,-0.4,24.7,True,False,,,5,2.31,True,False,False,,2,12W 16/15 2T,16.19,True,22.22,True,True,False,False,False,False,True,True,True,True,True,True,True,True,8,37
ACE,ACTION CONST EQUIP,NSE,ACE.NS,Other,1205.8,1127.91,955.07,1268.0,4.91,8.58,17.75,48.59,11.67,41.7,0.43,3.61,-0.65,13.77,True,False,,,0,2.86,True,False,False,,4,12W 11/7 4T,65.81,False,23.65,True,True,False,False,False,True,True,True,True,True,True,True,True,True,8,32
MAHSEAMLES,MAHARASHTRA SEAMLESS,NSE,MAHSEAMLES.NS,Metals,721.85,643.05,598.63,738.6,2.27,8.84,20.75,24.35,23.4,35.13,1.72,4.29,-0.5,8.39,False,True,10,1.14,3,3.06,True,True,False,,2,12W 9/5 2T,76.04,False,21.7,True,True,False,False,True,True,True,True,True,True,True,True,True,True,7,65
JAYKAY,JAYKAY ENTERPRISES,NSE,JAYKAY.NS,Other,205.01,165.5,165.5,219.7,6.69,37.07,16.73,50.34,,24.6,0.8,7.14,2.06,32.66,False,False,,,3,4.58,True,False,False,,2,12W 18/10 2T,78.58,False,22.16,False,False,False,False,True,True,True,True,True,True,False,False,True,True,7,32
DELTACORP,DELTA CORP,NSE,DELTACORP.NS,Other,78.69,61.22,64.24,86.4,8.92,34.58,23.53,44.89,-1.55,43.25,4.19,6.21,0.35,38.0,False,False,,,0,3.07,True,False,False,,0,,90.4,False,21.01,False,False,False,False,True,True,True,True,True,False,False,False,True,True,6,22
DHAMPURSUG,DHAMPUR SUGAR MILLS,NSE,DHAMPURSUG.NS,Other,171.8,161.85,139.79,199.92,14.07,-4.12,23.47,22.08,23.58,11.84,0.37,4.8,0.27,17.64,True,False,50,4.4,1,1.26,True,False,False,,2,12W 15/11 2T,76.53,False,20.34,True,True,False,False,True,True,True,True,True,True,True,True,True,True,6,47
PPLPHARMA,PIRAMAL PHARMA,NSE,PPLPHARMA.NS,Other,209.07,206.32,173.16,231.93,9.86,-2.49,24.38,46.71,6.91,92.2,0.9,3.44,0.1,8.53,True,True,50,2.61,0,2.37,True,True,False,,0,,35.34,False,21.4,True,True,True,False,True,False,True,True,True,True,True,True,True,True,6,56
JSWINFRA,JSW INFRASTRUCTURE,NSE,JSWINFRA.NS,Travel & Logistics,350.0,337.23,291.2,375.5,6.79,2.94,8.65,41.16,13.8,168.46,0.67,3.39,-0.43,16.46,True,False,10,3.49,0,1.82,True,False,False,,0,,55.73,False,19.89,True,True,False,False,False,True,True,True,True,True,True,True,True,True,5,43
FOSECOIND,FOSECO INDIA,NSE,FOSECOIND.NS,Other,6335.0,5829.26,5124.71,7389.5,14.27,-1.51,18.83,37.1,13.42,23.84,0.45,4.49,0.0,19.71,True,False,20,4.66,1,1.09,True,False,False,,2,12W 11/7 2T,22.43,True,20.11,True,True,False,False,False,False,True,True,True,True,True,True,True,True,5,40
SUDARSCHEM,SUDARSHAN CHEMICAL INDS L,NSE,SUDARSCHEM.NS,Other,1197.3,1163.43,961.45,1347.0,11.11,-5.49,35.75,53.83,-8.71,25.4,0.37,3.67,0.45,10.85,True,False,50,6.63,0,2.19,True,False,False,,0,,35.32,False,19.27,True,True,False,False,False,False,True,True,True,True,True,True,True,True,4,43
MEESHO,MEESHO,NSE,MEESHO.NS,Other,223.21,203.55,179.09,254.4,12.26,8.68,16.01,51.46,,604.22,1.68,4.51,0.0,17.02,False,False,10,3.29,3,1.5,True,False,False,,2,12W 7/7 2T,43.33,False,19.51,False,False,False,False,True,True,True,True,True,True,True,False,True,True,4,40
AGI,AGI GREENPAC,NSE,AGI.NS,Other,792.9,740.04,648.24,896.15,11.52,2.16,15.03,57.71,-8.27,16.87,0.53,4.41,0.0,18.85,True,False,20,5.32,0,2.03,True,False,False,,0,,61.14,False,17.23,False,True,False,False,True,True,True,True,True,True,False,True,True,True,3,31
MOTISONS,MOTISONS JEWELLERS,NSE,MOTISONS.NS,Other,17.62,15.87,14.09,19.78,10.92,8.5,25.41,45.02,-1.01,122.11,0.65,6.79,0.22,27.01,False,False,,,1,1.56,True,False,False,,2,12W 14/9 2T,54.62,False,19.03,True,True,False,False,False,True,True,True,True,True,True,True,True,True,3,37
UTTAMSUGAR,UTTAM SUGAR MILLS,NSE,UTTAMSUGAR.NS,Other,290.8,270.63,241.82,359.3,19.06,-6.82,27.24,18.92,12.21,10.26,0.46,5.46,-0.37,22.51,False,False,50,4.67,0,2.75,True,False,False,,2,12W 23/15 2T,71.35,False,15.33,True,True,False,False,True,True,True,True,True,True,True,True,True,True,2,44
LENSKART,LENSKART SOLUTIONS,NSE,LENSKART.NS,Other,674.6,632.82,530.17,725.0,6.95,1.84,31.0,34.42,,582.81,0.66,3.06,0.0,11.37,True,False,20,1.79,3,1.74,True,False,False,,0,,34.29,True,16.71,True,True,False,False,False,False,True,True,True,True,True,True,True,True,2,42
INDOCO,INDOCO REMEDIES,NSE,INDOCO.NS,Pharma,269.15,239.51,220.93,317.35,15.19,10.61,12.51,43.87,-7.51,80.52,14.49,7.82,0.3,18.49,False,False,10,1.52,2,5.22,True,True,False,,4,12W 20/7 4T,71.99,False,13.72,True,True,False,False,True,True,True,True,True,True,True,True,True,True,1,57
URBANCO,URBAN COMPANY,NSE,URBANCO.NS,Other,163.71,155.07,133.39,183.97,11.01,-2.03,24.66,32.25,-3.38,105.31,0.36,4.62,-0.13,14.95,True,False,,,0,2.92,True,False,False,,0,,42.54,False,13.05,True,True,False,False,False,False,True,True,True,True,True,True,True,True,1,31
NPST,NETWORK PEOPLE SRV TECH L,NSE,NPST.NS,Other,1653.0,1641.27,1376.28,2058.0,19.68,-1.05,2.13,47.87,-13.15,42.41,1.02,5.81,-0.04,24.8,True,False,,,5,5.06,True,False,False,,2,12W 12/8 2T,31.46,True,9.42,True,True,False,False,False,False,True,True,True,True,True,True,True,True,0,33
